{
  "data_type": "news",
  "strategy": "fully_random",
  "rmse": 2866.247026199591,
  "mae": 2140.0130329874914,
  "r2": 0.4648416551262564,
  "best_params": {
    "n_estimators": 401,
    "max_depth": 12,
    "learning_rate": 0.023975283891056787,
    "subsample": 0.8158403800524932,
    "colsample_bytree": 0.6984819058200236,
    "gamma": 3.083729491847098,
    "reg_alpha": 3.8229839796245146,
    "reg_lambda": 3.1764683379390175
  }
}