{
  "data_type": "weather",
  "strategy": "month_based",
  "rmse": 3720.565452859023,
  "mae": 2875.876476848885,
  "r2": 0.002552616716710032,
  "best_params": {
    "n_estimators": 412,
    "max_depth": 12,
    "learning_rate": 0.2813015411522297,
    "subsample": 0.9974848047263682,
    "colsample_bytree": 0.9390027164368281,
    "gamma": 1.5968389514828727,
    "reg_alpha": 0.005680603093438222,
    "reg_lambda": 1.4624182373797658
  }
}