{
  "data_type": "combined",
  "strategy": "fully_random",
  "rmse": 925.6729977595894,
  "mae": 610.0588946452784,
  "r2": 0.9441825157703649,
  "best_params": {
    "n_estimators": 421,
    "max_depth": 12,
    "learning_rate": 0.01976933075525006,
    "subsample": 0.6212400344917487,
    "colsample_bytree": 0.8707294747508186,
    "gamma": 3.8646292467637897,
    "reg_alpha": 0.6810543045098345,
    "reg_lambda": 0.7798962380637953
  }
}