{
  "data_type": "combined",
  "strategy": "seasonal_block",
  "rmse": 1622.0621158874276,
  "mae": 1206.5150488704421,
  "r2": 0.8121318052384175,
  "best_params": {
    "n_estimators": 446,
    "max_depth": 11,
    "learning_rate": 0.029553055700282528,
    "subsample": 0.9433014250719327,
    "colsample_bytree": 0.7535858308924898,
    "gamma": 0.540626234671542,
    "reg_alpha": 1.0753694835614516,
    "reg_lambda": 2.885748408497426
  }
}