{
  "data_type": "weather",
  "strategy": "seasonal_block",
  "rmse": 3610.395869410772,
  "mae": 2770.7027037759426,
  "r2": 0.06926092530354566,
  "best_params": {
    "n_estimators": 398,
    "max_depth": 12,
    "learning_rate": 0.19979647882938875,
    "subsample": 0.8548716276512032,
    "colsample_bytree": 0.681703896239638,
    "gamma": 4.2713799220147335,
    "reg_alpha": 1.4547946128246785,
    "reg_lambda": 2.8328818769452173
  }
}