{
  "data_type": "combined",
  "strategy": "month_based",
  "rmse": 1721.438313445827,
  "mae": 1251.0059588008687,
  "r2": 0.7864719045422652,
  "best_params": {
    "n_estimators": 439,
    "max_depth": 12,
    "learning_rate": 0.04324705353763305,
    "subsample": 0.7250694521976366,
    "colsample_bytree": 0.8164086692719584,
    "gamma": 4.942464383829726,
    "reg_alpha": 3.528830923243288,
    "reg_lambda": 0.05700727420119378
  }
}