{
  "data_type": "news",
  "strategy": "seasonal_block",
  "rmse": 2992.984285998245,
  "mae": 2260.0602254742794,
  "r2": 0.3603724327323118,
  "best_params": {
    "n_estimators": 434,
    "max_depth": 11,
    "learning_rate": 0.04224791009336133,
    "subsample": 0.9253324285778135,
    "colsample_bytree": 0.8023429806060549,
    "gamma": 3.8528810410889376,
    "reg_alpha": 4.741674524420927,
    "reg_lambda": 0.04145266117999136
  }
}