{
  "split_id": 3,
  "train_size": 110519,
  "val_size": 2631,
  "metrics": {
    "rmse": 1831.2291314784686,
    "mae": 1338.4681515586042,
    "r2": 0.7812638110337393,
    "mape": 9.36007406503625
  },
  "best_params": {
    "units": 32,
    "dropout": 0.28414448592875463,
    "lr": 0.00041365975855885796,
    "batch_size": 16
  }
}