{
  "split_id": 7,
  "train_size": 121043,
  "val_size": 2631,
  "metrics": {
    "rmse": 1574.2246048935062,
    "mae": 1168.901085718738,
    "r2": 0.7490075016286161,
    "mape": 9.850591490290256
  },
  "best_params": {
    "units": 96,
    "dropout": 0.3226813949369137,
    "lr": 0.0030311221789046314,
    "batch_size": 64
  }
}