{
  "split_id": 2,
  "train_size": 107888,
  "val_size": 2631,
  "metrics": {
    "rmse": 1557.6929851679765,
    "mae": 1103.798434975247,
    "r2": 0.7106237355370915,
    "mape": 9.508963166489675
  },
  "best_params": {
    "units": 32,
    "dropout": 0.4771676493867564,
    "lr": 0.0003233355107257106,
    "batch_size": 32
  }
}