{
  "split_id": 6,
  "train_size": 118412,
  "val_size": 2631,
  "metrics": {
    "rmse": 1917.1485052435864,
    "mae": 1389.4362113757734,
    "r2": 0.7534679158212281,
    "mape": 10.138889169443607
  },
  "best_params": {
    "units": 32,
    "dropout": 0.2647002361342652,
    "lr": 0.0014810673958640134,
    "batch_size": 64
  }
}