{
  "split_id": 1,
  "train_size": 105257,
  "val_size": 2631,
  "metrics": {
    "rmse": 1221.650563367548,
    "mae": 808.2722054729454,
    "r2": 0.8936897161173666,
    "mape": 8.488802382463284
  },
  "best_params": {
    "units": 96,
    "dropout": 0.12889083518458067,
    "lr": 0.0028904616249289137,
    "batch_size": 32
  }
}