{
  "split_id": 9,
  "train_size": 126305,
  "val_size": 2631,
  "metrics": {
    "rmse": 1355.4067087339351,
    "mae": 983.4235895171054,
    "r2": 0.774259464377419,
    "mape": 8.41010845726796
  },
  "best_params": {
    "units": 32,
    "dropout": 0.11209351252132063,
    "lr": 0.0007888121660643272,
    "batch_size": 16
  }
}