{
  "split_id": 5,
  "train_size": 115781,
  "val_size": 2631,
  "metrics": {
    "rmse": 1623.6760679872832,
    "mae": 1174.1835665396047,
    "r2": 0.8298829483238594,
    "mape": 9.168190201564798
  },
  "best_params": {
    "units": 128,
    "dropout": 0.45458675496944967,
    "lr": 0.0015251240741156542,
    "batch_size": 32
  }
}