{
  "split_id": 4,
  "train_size": 113150,
  "val_size": 2631,
  "metrics": {
    "rmse": 1880.412731399077,
    "mae": 1314.1662101433642,
    "r2": 0.8286660312127698,
    "mape": 9.246867945041101
  },
  "best_params": {
    "units": 64,
    "dropout": 0.3869944989081763,
    "lr": 0.008377999163883394,
    "batch_size": 32
  }
}