{
  "split_id": 10,
  "train_size": 128936,
  "val_size": 2631,
  "metrics": {
    "rmse": 1265.2721181699237,
    "mae": 853.0692407610518,
    "r2": 0.8687828162279257,
    "mape": 7.8958348928211475
  },
  "best_params": {
    "units": 96,
    "dropout": 0.37908311622207935,
    "lr": 0.0009778425548396467,
    "batch_size": 64
  }
}