{
  "split_id": 8,
  "train_size": 123674,
  "val_size": 2631,
  "metrics": {
    "rmse": 1394.022389558107,
    "mae": 973.9803835302191,
    "r2": 0.8106301551751511,
    "mape": 8.039016845432318
  },
  "best_params": {
    "units": 32,
    "dropout": 0.36297407500164003,
    "lr": 0.007248293238994743,
    "batch_size": 64
  }
}