{
  "data_type": "news",
  "strategy": "month_based",
  "rmse": 3180.8966921430538,
  "mae": 2498.175082722257,
  "r2": 0.27092664592993065,
  "best_params": {
    "n_estimators": 272,
    "max_depth": 11,
    "learning_rate": 0.06737066357111046,
    "subsample": 0.6979901685716845,
    "colsample_bytree": 0.7947945973419898,
    "gamma": 1.3217013971131142,
    "reg_alpha": 4.054202050888911,
    "reg_lambda": 4.375777448880487
  }
}